asymmetry,chicken,deadlock,dilemma,harmony,hero
0.0,0.0,0.08104598986925127,0.9189540101307487,0.0,0.0
0.25,0.0,0.011771123528609559,0.9882288764713905,0.0,0.0
0.5,0.9957315005335624,0.004268499466437567,0.0,0.0,0.0
0.75,0.0,0.0,0.0,0.0,1.0
1.0,0.0,0.9999867500016563,0.0,1.3249998343750207e-5,0.0
