asymmetry,chicken_mean,concord_mean,deadlock_mean,dilemma_mean,hero_mean,staghunt_mean,chicken_std,concord_std,deadlock_std,dilemma_std,hero_std,staghunt_std
0.0,0.0,0.0,0.0,1.0,0.0,0.0,0.0,0.0,0.0,0.0,0.0,0.0
0.25,0.0,0.0,0.0,0.9999992875000892,0.0,7.12499910937511e-7,0.0,0.0,0.0,1.6729566708383014e-6,0.0,1.6729566708454148e-6
0.5,0.48726521409184825,0.0,0.0,0.01284386089451739,0.0,0.4998909250136343,0.24897764888319285,0.0,0.0,0.03722710950195373,0.0,0.2608288953476602
0.75,0.0,0.25888203013974626,0.0,0.0,0.6071493741063282,0.13396859575392553,0.0,0.30217259369350186,0.0,0.0,0.2979825016601207,0.08026292065381467
1.0,0.0,0.0,0.8337734082783241,0.0,0.0,0.16622659172167603,0.0,0.0,0.16746654736396568,0.0,0.0,0.16746654736396568
