asymmetry,chicken_mean,concord_mean,deadlock_mean,dilemma_mean,harmony_mean,hero_mean,staghunt_mean,allCommunicative_mean,allNoncommunicative_mean,chicken_std,concord_std,deadlock_std,dilemma_std,harmony_std,hero_std,staghunt_std,allCommunicative_std,allNoncommunicative_std
0.0,0.0,0.0,0.0,0.0013255623343047082,0.0,0.0,0.0004355624455546943,0.002750474656190668,0.9954884005639499,0.0,0.0,0.0,0.00011473771875301991,0.0,0.0,9.016835458632767e-5,0.005006710727157478,0.004969223690170672
0.25,0.0,0.0,0.0,0.0014564623179422103,0.0,0.0,0.0006369499203812599,0.005487549314056336,0.9924190384476201,0.0,0.0,0.0,0.00013595979183857637,0.0,0.0,0.0001222389810438138,0.010347638369839866,0.010413125458049137
0.5,0.0016123622984547128,0.0,0.0,0.0005377124327859458,0.0,0.0,0.0009836998770375153,0.08030835246145596,0.9165578729302659,0.00022877569437995522,0.0,0.0,0.00013080649695648122,0.0,0.0,0.00010860652014415355,0.06380091949918926,0.06384835723872957
0.75,0.0,0.0006015874248015718,0.0,0.0,0.0,0.0015302873087140864,0.0011753748530781434,0.7932890383388702,0.20340371207453595,0.0,0.0001451842403775109,0.0,0.0,0.0,0.0002203414376533252,0.0001313076428790965,0.07862101504588442,0.0786713632467901
1.0,0.0,0.0,0.0010461873692265786,0.0,0.00020346247456719068,0.0,0.0011374998578125178,0.9173975228253095,0.08021532747308406,0.0,0.0,0.00016992114358915203,0.0,5.494959282906435e-5,0.0,0.0001667637113060777,0.01351599431811893,0.013422734033734054
