asymmetry,chicken_mean,concord_mean,coordination_mean,deadlock_mean,dilemma_mean,harmony_mean,hero_mean,neutral_mean,staghunt_mean,allCommunicative_mean,allNoncommunicative_mean,chicken_std,concord_std,coordination_std,deadlock_std,dilemma_std,harmony_std,hero_std,neutral_std,staghunt_std,allCommunicative_std,allNoncommunicative_std
0.0,0.0,0.0,4.999999375000079e-7,0.0,2.032499745937532e-5,0.0,0.0,0.0017214872848140893,1.881249764843779e-5,0.002750474656190668,0.9954884005639499,0.0,0.0,1.2869536067541744e-6,0.0,1.2108621446940994e-5,0.0,0.0,0.00011377720245466167,1.6570370795493474e-5,0.005006710727157478,0.004969223690170672
0.25,0.0,0.0,5.874999265625091e-7,0.0,6.263749217031347e-5,0.0,0.0,0.0019986247501719064,3.1562496054687995e-5,0.005487549314056336,0.9924190384476201,0.0,0.0,1.2276472126698746e-6,0.0,3.253269582905648e-5,0.0,0.0,0.0001307842101048946,2.0386901779061673e-5,0.010347638369839866,0.010413125458049137
0.5,0.0002764749654406293,0.0,1.3124998359375205e-6,0.0,5.602499299687588e-5,0.0,0.0,0.0027309371586328552,6.902499137187607e-5,0.08030835246145596,0.9165578729302659,7.051320901689732e-5,0.0,2.0252312150985543e-6,0.0,3.822928336828553e-5,0.0,0.0,0.00020659241086188666,2.4256496669621537e-5,0.06380091949918926,0.06384835723872957
0.75,0.0,6.419999197500102e-5,1.737499782812527e-6,0.0,0.0,0.0,0.0002630624671171916,0.00286292464213442,0.00011532498558437679,0.7932890383388702,0.20340371207453595,0.0,3.39848882287921e-5,1.974182073412824e-6,0.0,0.0,0.0,4.4121836911925056e-5,0.00025149878261994006,3.343137246704449e-5,0.07862101504588442,0.0786713632467901
1.0,0.0,0.0,2.9124996359375453e-6,6.39374920078135e-5,0.0,1.1062498617187671e-5,0.0,0.002215812223023472,9.342498832187645e-5,0.9173975228253095,0.08021532747308406,0.0,0.0,3.090110408225973e-6,3.47397148601685e-5,0.0,1.1521001421798104e-5,0.0,0.0002125453546154734,4.2373097741860106e-5,0.01351599431811893,0.013422734033734054
