asymmetry,chimera_index_mean,metastability_index_mean,chimera_index_std,metastability_index_std
0.0,0.10468045457942665,0.007724042247054917,0.02186918434322879,0.010144266437016436
0.25,0.09623077751203057,0.014581294709318373,0.019267119814804674,0.013406121113421626
0.5,0.09475951627095645,0.01759527239623096,0.025359337401763837,0.007941096743010457
0.75,0.09434276801338065,0.004972191811186802,0.025888243885171195,0.0029271426380154896
1.0,0.10234337251408551,0.002209582922009589,0.01565906325830487,0.0023805579817191263
